"Star_idx"|"faction_id"|"Subfaction"
6|"FS"|"FS,Draconis March,Woodbine Operational Area,Region 4"
8|"LC"|"LC,Protectorate of Donegal,Alarion Province"
11|"LC"|"LC,Protectorate of Donegal,Alarion Province"
13|"LC"|"LC,Protectorate of Donegal,Coventry Province"
14|"CC"|"CC,Sarna Commonality,Region 7"
15|"CC"|"CC,Tikonov Commonality,Region 3"
16|"LC"|"LC,Federation of Skye,Kannon Shire"
21|"FWL"|"FWL,Principality of Gibson"
29|"FWL"|"FWL,Stewart Confederation"
36|"MOC"|"MOC,Canopus District"
42|"FS"|"FS,Crucis March,Minette Operational Area,Point Barrow Combat Region"
46|"DC"|"DC,Benjamin Military District,Kajikazawa Prefecture"
49|"LC"|"LC,Protectorate of Donegal,Alarion Province"
52|"LC"|"LC,Protectorate of Donegal,Alarion Province,Minor Capital"
54|"FWL"|"FWL,Duchy of Graham-Marik"
55|"LC"|"LC,Protectorate of Donegal,Alarion Province"
59|"CC"|"CC,Tikonov Commonality,Region 6"
61|"A"|"A"
62|"OA"|"OA,Ramora Province"
67|"DC"|"DC,Pesht Military District,Pusht-i-rud Prefecture"
69|"CC"|"CC,Tikonov Commonality,Region 7"
73|"LC"|"LC,Federation of Skye,Isle of Skye"
80|"FS"|"FS,Draconis March,Robinson Operational Area,Region 3"
81|"LC"|"LC,Protectorate of Donegal,District of Donegal"
82|"CC"|"CC,Chesterton Commonality"
83|"DC"|"DC,Pesht Military District,Coudoux Prefecture"
85|"DC"|"DC,Dieron Military District,Kuzuu Prefecture"
89|"LC"|"LC,Federation of Skye,Isle of Skye"
90|"OA"|"OA,Alpheratz Province,Faction Capital"
91|"LC"|"LC,Federation of Skye,Isle of Skye"
92|"CC"|"CC,Tikonov Commonality,Region 7"
101|"FWL"|"FWL,Marik Commonwealth"
105|"DC"|"DC,Pesht Military District,Bjarred Prefecture"
106|"FS"|"FS,Draconis March,Woodbine Operational Area"
108|"CC"|"CC,Sian Commonality,Region 3"
110|"DC"|"DC,Dieron Military District,Kuzuu Prefecture"
111|"LC"|"LC,Tamar Pact,Trellshire"
112|"OA"|"OA,Blommestein Province"
113|"TC"|"TC,Perdition Union"
115|"CC"|"CC,St. Ives Commonality,Region 4"
120|"A"|"A"
124|"FS"|"FS,Capellan March,Taygeta Operational Area,Region 2"
125|"I"|"I"
126|"DC"|"DC,Dieron Military District,Ashio Prefecture"
127|"FS"|"FS,Crucis March,Minette Operational Area,Point Barrow Combat Region"
129|"FS"|"FS,Crucis March,Minette Operational Area,Tsamma Combat Region"
132|"CC"|"CC,Sian Commonality,Region 1"
133|"LC"|"LC,Protectorate of Donegal,Coventry Province"
138|"FS"|"FS,Draconis March,Woodbine Operational Area,Region 1"
146|"LC"|"LC,Tamar Pact,Tamar Domains"
148|"FS"|"FS,Crucis March,Chirikof Operational Area,Region 1"
149|"FWL"|"FWL,Duchy of Andurien"
150|"LC"|"LC,Tamar Pact,Trellshire"
152|"CC"|"CC,Andurien Commonality,Region 3"
157|"LC"|"LC,Protectorate of Donegal,District of Donegal"
158|"DC"|"DC,Benjamin Military District,Irurzun Prefecture"
159|"I"|"I"
160|"CC"|"CC,Sian Commonality,Region 13"
161|"LC"|"LC,Protectorate of Donegal,Alarion Province"
164|"A"|"A"
166|"LC"|"LC,Protectorate of Donegal,District of Donegal"
168|"DC"|"DC,Rasalhague Military District,Tinaca Prefecture"
170|"LC"|"LC,Protectorate of Donegal,Furillo Province"
176|"DC"|"DC,Galedon Military District,Matsuida Prefecture"
177|"LC"|"LC,Protectorate of Donegal,Coventry Province"
185|"FS"|"FS,Crucis March,Minette Operational Area,Anjin Muerto Combat Region"
187|"DC"|"DC,Dieron Military District,Kuzuu Prefecture"
188|"FWL"|"FWL,Marik Commonwealth"
193|"CC"|"CC,Sarna Commonality,Region 2"
195|"FWL"|"FWL,Duchy of Andurien"
200|"FS"|"FS,Capellan March,Kathil Operational Area,Region 3"
208|"FS"|"FS,Capellan March,Taygeta Operational Area,Region 1"
209|"FWL"|"FWL,Marik Commonwealth"
210|"FS"|"FS,Crucis March,Markesan Operational Area,Region 3"
212|"LC"|"LC,Federation of Skye,Kannon Shire"
214|"I"|"I"
218|"FWL"|"FWL,Marik Commonwealth"
225|"CC"|"CC,Sarna Commonality,Region 7"
230|"OA"|"OA,Traders Domain"
234|"DC"|"DC,Galedon Military District,New Samarkand Prefecture"
235|"TC"|"TC,Dumassas Region"
237|"LC"|"LC,Protectorate of Donegal,Coventry Province"
238|"FS"|"FS,Capellan March,Kathil Operational Area,Region 1"
244|"MOC"|"MOC,Ballad Province,Major Capital"
258|"LC"|"LC,Protectorate of Donegal,Coventry Province"
261|"CC"|"CC,Sian Commonality,Region 8"
263|"A"|"A"
265|"LC"|"LC,Protectorate of Donegal,Coventry Province"
266|"CC"|"CC,Tikonov Commonality,Region 4"
268|"LC"|"LC,Tamar Pact,Tamar Domains"
270|"FS"|"FS,Draconis March,Woodbine Operational Area"
272|"FS"|"FS,Draconis March,Woodbine Operational Area,Region 4"
278|"FS"|"FS,Crucis March,Minette Operational Area,Anjin Muerto Combat Region"
282|"I"|"I"
283|"A"|"A"
290|"FS"|"FS,Crucis March,Chirikof Operational Area,Region 2"
294|"FWL"|"FWL"
296|"CC"|"CC,Sian Commonality,Region 9"
298|"CC"|"CC,Tikonov Commonality,Region 5"
299|"FS"|"FS,Draconis March,Woodbine Operational Area,Region 5"
304|"CC"|"CC,Sian Commonality,Region 1"
305|"I"|"I"
307|"FS"|"FS,Draconis March,Robinson Operational Area,Region 4"
309|"FWL"|"FWL"
312|"DC"|"DC,Galedon Military District,Kaznejoy Prefecture"
324|"LC"|"LC,Protectorate of Donegal,Coventry Province"
325|"DC"|"DC,Dieron Military District,Ashio Prefecture"
327|"LC"|"LC,Protectorate of Donegal,Alarion Province"
331|"FS"|"FS,Capellan March,Taygeta Operational Area,Region 2"
335|"DC"|"DC,Pesht Military District,Bjarred Prefecture,Minor Capital"
337|"LC"|"LC,Protectorate of Donegal,Coventry Province"
341|"FS"|"FS,Crucis March,Markesan Operational Area,Region 1"
343|"FS"|"FS,Capellan March,Kathil Operational Area,Region 3"
347|"FWL"|"FWL"
348|"OA"|"OA,Traders Domain"
353|"LC"|"LC,Protectorate of Donegal,Alarion Province"
355|"FS"|"FS,Capellan March,Kathil Operational Area,Region 1"
360|"FWL"|"FWL,Marik Commonwealth"
361|"FWL"|"FWL"
364|"MOC"|"MOC,Canopus District"
367|"CC"|"CC,Sian Commonality,Region 9"
369|"MOC"|"MOC,Canopus District"
374|"FS"|"FS,Draconis March,Woodbine Operational Area"
375|"A"|"A"
378|"FWL"|"FWL"
380|"FS"|"FS,Capellan March,Kathil Operational Area,Region 2"
381|"DC"|"DC,Pesht Military District,Pusht-i-rud Prefecture"
382|"FS"|"FS,Capellan March,Kathil Operational Area,Region 2"
385|"DC"|"DC,Benjamin Military District,Xinyang Prefecture"
388|"FS"|"FS,Draconis March,Woodbine Operational Area,Region 2"
391|"CC"|"CC,St. Ives Commonality,Region 2"
396|"FS"|"FS,Crucis March,Markesan Operational Area,Region 1"
399|"DC"|"DC,Pesht Military District,Coudoux Prefecture"
401|"FS"|"FS,Capellan March,Taygeta Operational Area,Region 1"
403|"FS"|"FS,Capellan March,Taygeta Operational Area,Region 1"
404|"FS"|"FS,Draconis March,Woodbine Operational Area,Region 1"
407|"DC"|"DC,Rasalhague Military District,Radstadt Prefecture"
408|"FS"|"FS,Draconis March,Woodbine Operational Area,Region 2"
409|"FS"|"FS,Capellan March,Taygeta Operational Area,Region 2"
413|"LC"|"LC,Protectorate of Donegal,Coventry Province"
414|"DC"|"DC,Benjamin Military District,Baldur Prefecture"
425|"DC"|"DC,Pesht Military District,Kagoshima Prefecture"
429|"FS"|"FS,Draconis March,Woodbine Operational Area"
432|"I"|"I"
437|"LC"|"LC,Tamar Pact,Camlann Shire"
445|"FWL"|"FWL,Federation of Oriente"
447|"CC"|"CC,Andurien Commonality,Region 3,Major Capital"
451|"FWL"|"FWL,Principality of Regulus"
452|"LC"|"LC,Protectorate of Donegal,District of Donegal"
454|"LC"|"LC,Tamar Pact,Camlann Shire,Minor Capital"
455|"CC"|"CC,Capella Commonality,Region 5"
459|"LC"|"LC,Protectorate of Donegal,Coventry Province"
470|"DC"|"DC,Pesht Military District,Bjarred Prefecture"
471|"FWL"|"FWL,Duchy of Orloff"
473|"LC"|"LC,Protectorate of Donegal,Alarion Province"
474|"FS"|"FS,Capellan March,Kathil Operational Area,Region 1"
476|"LC"|"LC,Protectorate of Donegal,Alarion Province"
477|"FS"|"FS,Capellan March,Taygeta Operational Area,Region 2"
478|"A"|"A"
479|"CC"|"CC,Sian Commonality,Region 6"
482|"LC"|"LC,Federation of Skye,Virginia Shire"
488|"FWL"|"FWL"
491|"DC"|"DC,Galedon Military District,Kaznejoy Prefecture"
492|"FWL"|"FWL"
493|"CC"|"CC,Sian Commonality,Region 4"
494|"MOC"|"MOC,Canopus District"
496|"CC"|"CC,Sian Commonality,Region 9"
499|"FWL"|"FWL,Principality of Regulus"
500|"LC"|"LC,Federation of Skye,Kannon Shire"
502|"DC"|"DC,Benjamin Military District,Proserpina Prefecture"
504|"TC"|"TC,Perdition Union"
505|"I"|"I"
512|"FWL"|"FWL,Principality of Regulus"
515|"FWL"|"FWL"
516|"CC"|"CC,Sarna Commonality,Region 3"
518|"LC"|"LC,Tamar Pact,Camlann Shire"
519|"FS"|"FS,Draconis March,Woodbine Operational Area,Region 5"
524|"FS"|"FS,Crucis March,Markesan Operational Area,Region 2"
526|"DC"|"DC,Pesht Military District,Kagoshima Prefecture"
531|"FS"|"FS,Draconis March,Woodbine Operational Area,Region 3"
532|"CC"|"CC,Sian Commonality,Region 8"
533|"DC"|"DC,Pesht Military District,Kagoshima Prefecture"
535|"FS"|"FS,Crucis March,Markesan Operational Area,Region 1"
542|"DC"|"DC,Galedon Military District,New Samarkand Prefecture"
545|"CC"|"CC,Tikonov Commonality,Region 2"
548|"I"|"I"
553|"FS"|"FS,Capellan March,Taygeta Operational Area,Region 1"
555|"LC"|"LC,Protectorate of Donegal,Furillo Province"
557|"LC"|"LC,Protectorate of Donegal,Alarion Province"
558|"I"|"I"
560|"LC"|"LC,Protectorate of Donegal,Furillo Province"
561|"CF"|"CF,Faction Capital"
562|"FWL"|"FWL"
568|"FWL"|"FWL,Principality of Gibson"
571|"FS"|"FS,Draconis March,Woodbine Operational Area,Region 4"
572|"FS"|"FS,Crucis March,Markesan Operational Area,Region 2"
573|"LC"|"LC,Protectorate of Donegal,Alarion Province"
578|"LC"|"LC,Tamar Pact,Tamar Domains"
581|"CC"|"CC,Sian Commonality,Region 9"
583|"FWL"|"FWL"
589|"DC"|"DC,Rasalhague Military District,Trondheim Prefecture"
592|"MOC"|"MOC,Ballad Province"
593|"LC"|"LC,Federation of Skye,Isle of Skye"
594|"OA"|"OA,Cerberus Province"
595|"FWL"|"FWL"
596|"CC"|"CC,Capella Commonality,Region 2"
601|"FS"|"FS,Draconis March,Woodbine Operational Area"
603|"TC"|"TC,Brinton Union"
604|"LC"|"LC,Federation of Skye,Kannon Shire"
606|"FS"|"FS,Crucis March,Markesan Operational Area,Region 1"
607|"DC"|"DC,Galedon Military District,New Samarkand Prefecture"
609|"DC"|"DC,Pesht Military District,Coudoux Prefecture,Minor Capital"
613|"LC"|"LC,Protectorate of Donegal,Coventry Province,Minor Capital"
615|"OA"|"OA,Onverwacht Province"
617|"FS"|"FS,Capellan March,Taygeta Operational Area,Region 2"
628|"LC"|"LC,Protectorate of Donegal,Alarion Province"
629|"A"|"A"
630|"LC"|"LC,Tamar Pact,Trellshire"
631|"FS"|"FS,Crucis March,Chirikof Operational Area,Region 3"
632|"A"|"A"
635|"FWL"|"FWL"
636|"CC"|"CC,Andurien Commonality,Region 2"
638|"LC"|"LC,Tamar Pact,Tamar Domains"
641|"CC"|"CC,Tikonov Commonality,Region 9"
645|"DC"|"DC,Dieron Military District,Kuzuu Prefecture"
646|"LC"|"LC,Protectorate of Donegal,Furillo Province"
651|"LC"|"LC,Federation of Skye,Kannon Shire"
654|"FS"|"FS,Draconis March"
657|"FWL"|"FWL,Federation of Oriente"
658|"CC"|"CC,St. Ives Commonality,Region 3"
659|"OA"|"OA,Traders Domain"
663|"LC"|"LC,Protectorate of Donegal,Furillo Province"
664|"DC"|"DC,Benjamin Military District,Baldur Prefecture"
667|"FS"|"FS,Crucis March,Minette Operational Area,Tsamma Combat Region"
671|"FS"|"FS,Draconis March,Woodbine Operational Area,Region 1"
673|"FS"|"FS,Crucis March,Markesan Operational Area,Region 2"
675|"FS"|"FS,Crucis March,Minette Operational Area,Point Barrow Combat Region"
676|"LC"|"LC,Tamar Pact,Camlann Shire"
677|"LC"|"LC,Protectorate of Donegal,Coventry Province"
681|"FS"|"FS,Crucis March,Markesan Operational Area,Region 3"
683|"LC"|"LC,Tamar Pact,Tamar Domains"
686|"FS"|"FS,Crucis March,Markesan Operational Area,Region 1"
689|"DC"|"DC,Dieron Military District,Addicks Prefecture"
695|"FWL"|"FWL,Duchy of Andurien"
709|"A"|"A"
712|"FS"|"FS,Capellan March,Taygeta Operational Area,Region 2"
714|"DC"|"DC,Dieron Military District,Lone Star Prefecture,Major Capital"
717|"LC"|"LC,Protectorate of Donegal,Coventry Province"
718|"CC"|"CC,Andurien Commonality,Region 1"
719|"OA"|"OA,Ramora Province"
721|"A"|"A"
723|"FWL"|"FWL"
724|"OA"|"OA,Cerberus Province"
726|"FS"|"FS,Draconis March,Robinson Operational Area,Region 2"
727|"FS"|"FS,Crucis March,Markesan Operational Area,Region 3"
729|"OA"|"OA,Blommestein Province"
731|"LC"|"LC,Protectorate of Donegal,District of Donegal,Major Capital"
732|"DC"|"DC,Benjamin Military District,Irurzun Prefecture"
737|"CC"|"CC,St. Ives Commonality,Region 3"
738|"OA"|"OA,Ramora Province"
747|"LC"|"LC,Protectorate of Donegal,Alarion Province"
751|"TC"|"TC,Dumassas Union,Major Capital"
752|"MOC"|"MOC,Luxen Province"
755|"MOC"|"MOC,Ballad Province"
756|"LC"|"LC,Protectorate of Donegal,Alarion Province"
757|"LC"|"LC,Tamar Pact,Tamar Domains"
759|"DC"|"DC,Pesht Military District,Bjarred Prefecture"
761|"DC"|"DC,Benjamin Military District,Kajikazawa Prefecture"
764|"MOC"|"MOC,Canopus District"
765|"LC"|"LC,Federation of Skye,Virginia Shire"
766|"DC"|"DC,Pesht Military District,Kagoshima Prefecture"
769|"LC"|"LC,Federation of Skye,Virginia Shire"
770|"I"|"I"
771|"FWL"|"FWL"
772|"FS"|"FS,Crucis March,Markesan Operational Area,Region 1"
775|"LC"|"LC,Protectorate of Donegal,Furillo Province"
778|"FWL"|"FWL,Abbey District"
782|"FS"|"FS,Capellan March,Taygeta Operational Area,Region 2"
791|"DC"|"DC,Dieron Military District,Kuzuu Prefecture"
801|"FWL"|"FWL,Federation of Oriente"
802|"FS"|"FS,Capellan March,Taygeta Operational Area,Region 2"
803|"LC"|"LC,Protectorate of Donegal,Alarion Province"
804|"DC"|"DC,Rasalhague Military District,Radstadt Prefecture"
806|"DC"|"DC,Galedon Military District,New Samarkand Prefecture"
807|"LC"|"LC,Protectorate of Donegal,District of Donegal"
809|"FS"|"FS,Draconis March"
810|"LC"|"LC,Protectorate of Donegal,Alarion Province"
813|"CC"|"CC,Tikonov Commonality,Region 3"
815|"I"|"I"
825|"FS"|"FS,Crucis March,Chirikof Operational Area,Region 3"
836|"CC"|"CC,Capella Commonality,Region 6"
838|"FWL"|"FWL,Principality of Regulus"
841|"FS"|"FS,Draconis March,Robinson Operational Area,Region 4"
847|"DC"|"DC,Benjamin Military District,Kajikazawa Prefecture"
849|"MOC"|"MOC,Canopus District"
851|"I"|"I"
855|"LC"|"LC,Tamar Pact,Camlann Shire"
864|"OA"|"OA,Baliggora Province"
865|"FS"|"FS,Crucis March,Minette Operational Area,Broken Wheel Combat Region"
870|"FS"|"FS,Crucis March,Chirikof Operational Area,Region 1"
871|"I"|"I"
881|"CC"|"CC,Tikonov Commonality,Region 3"
888|"FWL"|"FWL,Marik Commonwealth"
890|"DC"|"DC,Dieron Military District,Lone Star Prefecture"
895|"LC"|"LC,Tamar Pact,Camlann Shire"
897|"FS"|"FS,Draconis March,Robinson Operational Area,Region 3"
899|"CC"|"CC,Sian Commonality,Region 11"
900|"A"|"A"
901|"LC"|"LC,Federation of Skye,Virginia Shire"
904|"CC"|"CC,Sian Commonality,Region 2"
908|"DC"|"DC,Benjamin Military District,Kajikazawa Prefecture"
911|"FWL"|"FWL,Principality of Regulus"
913|"I"|"I"
919|"FS"|"FS,Crucis March,Markesan Operational Area,Region 3"
923|"LC"|"LC,Protectorate of Donegal,Furillo Province"
926|"DC"|"DC,Benjamin Military District,Irurzun Prefecture"
927|"LC"|"LC,Tamar Pact,Tamar Domains"
936|"LC"|"LC,Tamar Pact,Camlann Shire"
939|"DC"|"DC,Rasalhague Military District,Trondheim Prefecture"
943|"CC"|"CC,Capella Commonality,Region 3"
950|"LC"|"LC,Protectorate of Donegal,District of Donegal"
951|"FWL"|"FWL,Abbey District"
953|"LC"|"LC,Protectorate of Donegal,Furillo Province"
955|"FS"|"FS,Crucis March,Minette Operational Area,Broken Wheel Combat Region"
958|"TC"|"TC,Brinton Union"
962|"DC"|"DC,Rasalhague Military District,Trondheim Prefecture"
964|"CC"|"CC,Capella Commonality,Region 8"
968|"CC"|"CC,Sian Commonality,Region 11"
969|"FWL"|"FWL,Principality of Regulus"
971|"LC"|"LC,Federation of Skye,Rahneshire"
974|"LC"|"LC,Protectorate of Donegal,Coventry Province"
975|"DC"|"DC,Rasalhague Military District,Radstadt Prefecture"
980|"A"|"A"
983|"CC"|"CC,Sarna Commonality,Region 2"
985|"I"|"I"
986|"DC"|"DC,Galedon Military District,New Samarkand Prefecture"
987|"FWL"|"FWL,Duchy of Andurien"
988|"LC"|"LC,Tamar Pact,Tamar Domains"
989|"FWL"|"FWL"
991|"FWL"|"FWL"
997|"FS"|"FS,Crucis March,Markesan Operational Area,Region 3"
1004|"OA"|"OA,Cerberus Province"
1006|"FWL"|"FWL,Stewart Confederation"
1007|"FS"|"FS,Crucis March,Chirikof Operational Area,Region 3"
1008|"DC"|"DC,Benjamin Military District,Proserpina Prefecture"
1013|"LC"|"LC,Protectorate of Donegal,District of Donegal"
1019|"CC"|"CC,Sian Commonality,Region 9"
1020|"DC"|"DC,Rasalhague Military District,Radstadt Prefecture"
1021|"CC"|"CC,St. Ives Commonality,Region 4"
1023|"I"|"I"
1028|"LC"|"LC,Federation of Skye,Isle of Skye"
1031|"I"|"I"
1033|"FS"|"FS,Crucis March,Minette Operational Area,Anjin Muerto Combat Region"
1034|"LC"|"LC,Tamar Pact,Tamar Domains"
1037|"LC"|"LC,Protectorate of Donegal,Furillo Province"
1039|"LC"|"LC,Protectorate of Donegal,Alarion Province"
1043|"LC"|"LC,Protectorate of Donegal,District of Donegal"
1046|"FWL"|"FWL"
1047|"LC"|"LC,Protectorate of Donegal,District of Donegal"
1050|"DC"|"DC,Pesht Military District,Coudoux Prefecture"
1052|"CC"|"CC,Sian Commonality,Region 9"
1055|"I"|"I"
1061|"FWL"|"FWL"
1064|"FWL"|"FWL,Duchy of Orloff"
1066|"MOC"|"MOC,Canopus District"
1069|"FS"|"FS,Draconis March,Woodbine Operational Area,Region 1"
1070|"FWL"|"FWL"
1071|"FS"|"FS,Draconis March,Woodbine Operational Area,Region 4"
1073|"FWL"|"FWL,Principality of Regulus"
1075|"FS"|"FS,Crucis March,Chirikof Operational Area,Region 2"
1077|"FWL"|"FWL"
1078|"A"|"A"
1079|"I"|"I"
1080|"DC"|"DC,Rasalhague Military District,Radstadt Prefecture"
1081|"LC"|"LC,Protectorate of Donegal,Alarion Province"
1084|"I"|"I"
1087|"OA"|"OA,Cerberus Province"
1095|"I"|"I"
1101|"MOC"|"MOC,Ballad Province"
1105|"CC"|"CC,Sian Commonality,Region 4"
1106|"A"|"A"
1110|"DC"|"DC,Benjamin Military District,Irurzun Prefecture"
1111|"LC"|"LC,Protectorate of Donegal,District of Donegal"
1122|"FS"|"FS,Draconis March,Robinson Operational Area,Region 4"
1126|"DC"|"DC,Rasalhague Military District,Trondheim Prefecture"
1128|"DC"|"DC,Benjamin Military District,Proserpina Prefecture"
1129|"FWL"|"FWL"
1133|"LC"|"LC,Protectorate of Donegal,Coventry Province"
1134|"FS"|"FS,Crucis March,Chirikof Operational Area,Region 3"
1136|"FWL"|"FWL"
1137|"FS"|"FS,Capellan March,Taygeta Operational Area,Region 1"
1140|"CC"|"CC,Sian Commonality,Region 6"
1144|"OA"|"OA,Traders Domain"
1146|"DC"|"DC,Pesht Military District,Ningxia Prefecture"
1148|"CC"|"CC,Sian Commonality,Region 14"
1152|"DC"|"DC,Galedon Military District,Oshika Prefecture"
1153|"CC"|"CC,Sarna Commonality,Region 1"
1155|"FWL"|"FWL"
1157|"CC"|"CC,Sian Commonality,Region 15"
1159|"CC"|"CC,Sian Commonality,Region 5"
1174|"DC"|"DC,Galedon Military District,Matsuida Prefecture"
1175|"DC"|"DC,Benjamin Military District,Xinyang Prefecture"
1176|"CC"|"CC,St. Ives Commonality,Region 5"
1179|"FWL"|"FWL"
1180|"A"|"A"
1183|"CC"|"CC,Tikonov Commonality,Region 8"
1185|"LC"|"LC,Protectorate of Donegal,Alarion Province"
1187|"FS"|"FS,Crucis March,Markesan Operational Area,Region 2"
1191|"LC"|"LC,Protectorate of Donegal,Coventry Province"
1194|"CC"|"CC,St. Ives Commonality,Region 4"
1195|"A"|"A"
1202|"FS"|"FS,Draconis March,Woodbine Operational Area,Region 4"
1207|"CC"|"CC,Sian Commonality,Region 1"
1208|"DC"|"DC,Pesht Military District,Kagoshima Prefecture"
1214|"DC"|"DC,Pesht Military District,Coudoux Prefecture"
1218|"DC"|"DC,Pesht Military District,Kagoshima Prefecture"
1226|"LC"|"LC,Tamar Pact,Camlann Shire"
1228|"CC"|"CC,Sian Commonality,Region 9"
1232|"LC"|"LC,Protectorate of Donegal,Alarion Province"
1236|"FWL"|"FWL"
1239|"FWL"|"FWL,Federation of Oriente"
1240|"LC"|"LC,Protectorate of Donegal,Alarion Province"
1241|"LC"|"LC,Protectorate of Donegal,Furillo Province"
1245|"FS"|"FS,Capellan March,Taygeta Operational Area,Region 1"
1246|"OA"|"OA,Baliggora Province"
1247|"LC"|"LC,Protectorate of Donegal,Coventry Province"
1253|"CC"|"CC,Tikonov Commonality,Region 8"
1255|"FS"|"FS,Crucis March,Chirikof Operational Area,Region 1"
1257|"FS"|"FS,Crucis March,Markesan Operational Area,Region 1"
1262|"OA"|"OA,Baliggora Province"
1267|"FWL"|"FWL"
1271|"FS"|"FS,Draconis March,Woodbine Operational Area"
1275|"DC"|"DC,Pesht Military District,Kagoshima Prefecture,Minor Capital"
1288|"LC"|"LC,Protectorate of Donegal,District of Donegal"
1290|"LC"|"LC,Federation of Skye,Kannon Shire,Minor Capital"
1295|"FWL"|"FWL"
1296|"LC"|"LC,Tamar Pact,Camlann Shire"
1299|"LC"|"LC,Tamar Pact,Tamar Domains"
1302|"FS"|"FS,Capellan March,Kathil Operational Area,Region 2,Minor Capital"
1304|"CC"|"CC,Andurien Commonality,Region 2"
1310|"DC"|"DC,Dieron Military District,Kuzuu Prefecture"
1314|"DC"|"DC,Galedon Military District,New Samarkand Prefecture"
1315|"DC"|"DC,Galedon Military District,Kaznejoy Prefecture,Minor Capital"
1317|"FWL"|"FWL"
1321|"CC"|"CC,Sarna Commonality,Region 6"
1323|"LC"|"LC,Tamar Pact,Camlann Shire"
1324|"DC"|"DC,Rasalhague Military District,Radstadt Prefecture"
1328|"OA"|"OA,Onverwacht Province"
1329|"FS"|"FS,Draconis March,Robinson Operational Area,Region 1"
1332|"CC"|"CC,Sian Commonality,Region 12"
1337|"FS"|"FS,Capellan March,Taygeta Operational Area,Region 2"
1344|"DC"|"DC,Benjamin Military District,Baldur Prefecture"
1350|"FS"|"FS,Draconis March,Woodbine Operational Area,Region 4"
1352|"DC"|"DC,Dieron Military District,Lone Star Prefecture"
1354|"LC"|"LC,Federation of Skye,Virginia Shire"
1355|"A"|"A"
1356|"DC"|"DC,Benjamin Military District,Baldur Prefecture"
1357|"OA"|"OA,Ramora Province"
1358|"FS"|"FS,Draconis March,Woodbine Operational Area,Region 3"
1360|"DC"|"DC,Galedon Military District,Matsuida Prefecture"
1361|"LC"|"LC,Federation of Skye,Virginia Shire"
1362|"FWL"|"FWL,Marik Commonwealth"
1364|"CC"|"CC,Sian Commonality,Region 10"
1367|"DC"|"DC,Benjamin Military District,Proserpina Prefecture"
1369|"CC"|"CC,St. Ives Commonality,Region 1"
1374|"FS"|"FS,Draconis March,Robinson Operational Area,Region 2"
1378|"FS"|"FS,Capellan March,Kathil Operational Area,Region 2"
1379|"CC"|"CC,St. Ives Commonality,Region 3"
1381|"DC"|"DC,Dieron Military District,Lone Star Prefecture"
1382|"LC"|"LC,Tamar Pact,Tamar Domains"
1384|"LC"|"LC,Protectorate of Donegal,District of Donegal"
1387|"DC"|"DC,Pesht Military District,Ningxia Prefecture"
1388|"A"|"A"
1390|"FWL"|"FWL"
1396|"LC"|"LC,Protectorate of Donegal,Coventry Province"
1398|"DC"|"DC,Pesht Military District,Pusht-i-rud Prefecture"
1400|"FWL"|"FWL"
1401|"A"|"A"
1411|"LC"|"LC,Tamar Pact,Trellshire"
1413|"LC"|"LC,Protectorate of Donegal,Coventry Province"
1424|"DC"|"DC,Benjamin Military District,Proserpina Prefecture"
1425|"CC"|"CC,Capella Commonality,Region 7"
1426|"CC"|"CC,Sian Commonality,Region 9"
1428|"DC"|"DC,Dieron Military District,Kuzuu Prefecture,Minor Capital"
1433|"FWL"|"FWL,Federation of Oriente"
1438|"FWL"|"FWL"
1440|"CC"|"CC,Capella Commonality,Region 5"
1444|"FWL"|"FWL"
1451|"I"|"I"
1452|"FWL"|"FWL"
1454|"DC"|"DC,Pesht Military District,Ningxia Prefecture"
1460|"A"|"A"
1461|"I"|"I"
1462|"DC"|"DC,Rasalhague Military District,Trondheim Prefecture"
1475|"FS"|"FS,Crucis March,Markesan Operational Area,Region 3"
1478|"DC"|"DC,Rasalhague Military District,Radstadt Prefecture"
1479|"FWL"|"FWL"
1481|"CC"|"CC,Sarna Commonality,Region 3"
1482|"LC"|"LC,Tamar Pact,Trellshire"
1488|"DC"|"DC,Rasalhague Military District,Radstadt Prefecture"
1492|"MOC"|"MOC,Canopus District"
1494|"FWL"|"FWL,Federation of Oriente"
1495|"CC"|"CC,Sian Commonality,Region 14"
1499|"LC"|"LC,Federation of Skye,Isle of Skye"
1501|"DC"|"DC,Benjamin Military District,Irurzun Prefecture"
1504|"DC"|"DC,Dieron Military District,Lone Star Prefecture"
1509|"A"|"A"
1510|"OA"|"OA,Blommestein Province"
1513|"DC"|"DC,Dieron Military District,Lone Star Prefecture,Minor Capital"
1517|"LC"|"LC,Protectorate of Donegal,Furillo Province"
1518|"TC"|"TC,Dumassas Region"
1520|"FS"|"FS,Capellan March,Taygeta Operational Area,Region 2"
1521|"LC"|"LC,Tamar Pact,Camlann Shire"
1522|"LL"|"LL,Faction Capital"
1524|"LC"|"LC,Protectorate of Donegal,Coventry Province"
1525|"FWL"|"FWL,Duchy of Graham-Marik"
1532|"DC"|"DC,Benjamin Military District,Irurzun Prefecture"
1539|"DC"|"DC,Pesht Military District,Kagoshima Prefecture,Faction Capital"
1541|"MOC"|"MOC,Luxen Province,Major Capital"
1544|"FS"|"FS,Crucis March,Markesan Operational Area,Region 3"
1547|"CC"|"CC,Sian Commonality,Region 14"
1556|"TC"|"TC,Hyades Union"
1558|"FWL"|"FWL"
1560|"CC"|"CC,Sian Commonality,Region 10"
1561|"LC"|"LC,Tamar Pact,Tamar Domains"
1562|"FS"|"FS,Capellan March,Kathil Operational Area,Region 3"
1563|"LC"|"LC,Protectorate of Donegal,Coventry Province"
1568|"LC"|"LC,Protectorate of Donegal,Alarion Province"
1569|"I"|"I"
1576|"LC"|"LC,Tamar Pact,Trellshire"
1584|"CC"|"CC,Sarna Commonality,Region 5"
1588|"I"|"I"
1589|"FWL"|"FWL,Marik Commonwealth"
1593|"FWL"|"FWL,Abbey District"
1595|"FWL"|"FWL"
1596|"FS"|"FS,Crucis March,Markesan Operational Area,Region 1"
1598|"A"|"A"
1603|"DC"|"DC,Rasalhague Military District,Tinaca Prefecture"
1606|"LC"|"LC,Federation of Skye,Virginia Shire"
1607|"LC"|"LC,Protectorate of Donegal,Furillo Province"
1609|"FWL"|"FWL,Marik Commonwealth"
1613|"DC"|"DC,Dieron Military District,Addicks Prefecture"
1614|"FS"|"FS,Crucis March,Markesan Operational Area,Region 1,Minor Capital"
1618|"LC"|"LC,Protectorate of Donegal,Alarion Province"
1621|"CC"|"CC,Capella Commonality,Region 1"
1628|"CC"|"CC,Andurien Commonality,Region 2"
1630|"DC"|"DC,Rasalhague Military District,Tinaca Prefecture"
1634|"FWL"|"FWL,Abbey District"
1636|"FS"|"FS,Draconis March,Woodbine Operational Area,Region 5"
1638|"CC"|"CC,Sian Commonality,Region 10"
1641|"DC"|"DC,Galedon Military District,Matsuida Prefecture"
1643|"FS"|"FS,Crucis March,Markesan Operational Area,Region 1"
1648|"FWL"|"FWL,Duchy of Andurien"
1653|"LC"|"LC,Protectorate of Donegal,Furillo Province"
1655|"TC"|"TC,Hyades Union"
1656|"I"|"I"
1657|"I"|"I"
1658|"FS"|"FS,Crucis March,Markesan Operational Area,Region 3"
1661|"DC"|"DC,Pesht Military District,Kagoshima Prefecture"
1663|"FS"|"FS,Crucis March,Minette Operational Area,Point Barrow Combat Region"
1666|"I"|"I"
1670|"LC"|"LC,Tamar Pact,Tamar Domains"
1671|"FS"|"FS,Crucis March,Minette Operational Area,Broken Wheel Combat Region"
1674|"CC"|"CC,Tikonov Commonality,Region 5"
1675|"CC"|"CC,Sarna Commonality,Region 2"
1677|"LC"|"LC,Federation of Skye,Isle of Skye"
1681|"LC"|"LC,Protectorate of Donegal,Alarion Province"
1684|"I"|"I"
1685|"FS"|"FS,Crucis March,Minette Operational Area,Anjin Muerto Combat Region"
1687|"FS"|"FS,Crucis March,Minette Operational Area,Broken Wheel Combat Region"
1688|"DC"|"DC,Benjamin Military District,Kajikazawa Prefecture"
1690|"LC"|"LC,Protectorate of Donegal,District of Donegal"
1693|"LC"|"LC,Protectorate of Donegal,Alarion Province"
1696|"OA"|"OA,Traders Domain"
1707|"FWL"|"FWL,Federation of Oriente"
1708|"CC"|"CC,St. Ives Commonality,Region 1"
1712|"LC"|"LC,Protectorate of Donegal,Alarion Province"
1714|"FS"|"FS,Crucis March,Minette Operational Area,Point Barrow Combat Region,Minor Capital"
1717|"LC"|"LC,Protectorate of Donegal,Coventry Province"
1718|"CC"|"CC,Chesterton Commonality"
1719|"CC"|"CC,Tikonov Commonality,Region 7"
1720|"FS"|"FS,Draconis March,Woodbine Operational Area,Region 5"
1723|"LC"|"LC,Protectorate of Donegal,Coventry Province"
1732|"DC"|"DC,Galedon Military District,New Samarkand Prefecture"
1734|"MOC"|"MOC,Luxen Province"
1736|"LC"|"LC,Protectorate of Donegal,Coventry Province"
1737|"FWL"|"FWL,Principality of Gibson"
1738|"FS"|"FS,Crucis March,Minette Operational Area,Tsamma Combat Region"
1739|"DC"|"DC,Galedon Military District,Oshika Prefecture"
1740|"FS"|"FS,Crucis March,Minette Operational Area,Point Barrow Combat Region"
1744|"DC"|"DC,Benjamin Military District,Irurzun Prefecture"
1745|"FS"|"FS,Capellan March,Kathil Operational Area,Region 2"
1746|"FS"|"FS,Crucis March,Minette Operational Area,Tsamma Combat Region"
1750|"FS"|"FS,Crucis March,Chirikof Operational Area,Region 2"
1752|"DC"|"DC,Pesht Military District,Kagoshima Prefecture"
1754|"CC"|"CC,Sarna Commonality,Region 6"
1757|"LC"|"LC,Tamar Pact,Tamar Domains"
1758|"LC"|"LC,Protectorate of Donegal,Coventry Province"
1760|"LC"|"LC,Tamar Pact,Camlann Shire"
1761|"LC"|"LC,Protectorate of Donegal,Alarion Province"
1762|"FS"|"FS,Draconis March,Woodbine Operational Area,Region 2"
1766|"FS"|"FS,Crucis March,Minette Operational Area,Broken Wheel Combat Region"
1770|"CC"|"CC,Sian Commonality,Region 4"
1771|"FWL"|"FWL,Duchy of Graham-Marik"
1772|"LC"|"LC,Federation of Skye,Isle of Skye"
1776|"DC"|"DC,Benjamin Military District,Xinyang Prefecture"
1779|"FS"|"FS,Crucis March,Markesan Operational Area,Region 1"
1780|"A"|"A"
1787|"FS"|"FS,Crucis March,Chirikof Operational Area,Region 1"
1791|"LC"|"LC,Tamar Pact,Camlann Shire"
1796|"CC"|"CC,Tikonov Commonality,Region 6"
1807|"LC"|"LC,Federation of Skye,Virginia Shire"
1814|"CC"|"CC,Chesterton Commonality"
1815|"CC"|"CC,Sarna Commonality,Region 5"
1818|"DC"|"DC,Dieron Military District,Lone Star Prefecture"
1819|"LC"|"LC,Tamar Pact,Trellshire"
1825|"FS"|"FS,Crucis March,Chirikof Operational Area,Region 1"
1828|"DC"|"DC,Dieron Military District,Addicks Prefecture"
1831|"TD"|"TD"
1835|"LC"|"LC,Federation of Skye,Rahneshire"
1844|"FWL"|"FWL,Federation of Oriente"
1849|"DC"|"DC,Pesht Military District,Pusht-i-rud Prefecture"
1850|"FWL"|"FWL"
1854|"FS"|"FS,Capellan March,Taygeta Operational Area,Region 2,Major Capital"
1855|"CC"|"CC,Sian Commonality,Region 2"
1861|"FWL"|"FWL,Marik Commonwealth"
1863|"LC"|"LC,Protectorate of Donegal,Coventry Province"
1864|"DC"|"DC,Galedon Military District,New Samarkand Prefecture"
1867|"LC"|"LC,Protectorate of Donegal,Alarion Province"
1870|"FWL"|"FWL"
1873|"DC"|"DC,Pesht Military District,Ningxia Prefecture,Minor Capital"
1882|"FS"|"FS,Crucis March,Chirikof Operational Area,Region 1"
1887|"LC"|"LC,Protectorate of Donegal,Alarion Province"
1892|"LC"|"LC,Tamar Pact,Trellshire"
1893|"FS"|"FS,Crucis March,Markesan Operational Area,Region 2"
1898|"A"|"A"
1902|"I"|"I"
1903|"MOC"|"MOC,Luxen Province"
1908|"FWL"|"FWL"
1910|"LC"|"LC,Tamar Pact,Camlann Shire"
1911|"LC"|"LC,Protectorate of Donegal,Alarion Province"
1912|"FS"|"FS,Crucis March,Chirikof Operational Area,Region 1"
1913|"LC"|"LC,Federation of Skye,Isle of Skye"
1917|"FWL"|"FWL"
1920|"DC"|"DC,Pesht Military District,Kagoshima Prefecture"
1929|"DC"|"DC,Benjamin Military District,Proserpina Prefecture"
1933|"DC"|"DC,Galedon Military District,New Samarkand Prefecture"
1935|"DC"|"DC,Galedon Military District,Kaznejoy Prefecture"
1936|"CC"|"CC,Capella Commonality,Region 5"
1939|"FWL"|"FWL"
1941|"DC"|"DC,Benjamin Military District,Xinyang Prefecture"
1942|"OA"|"OA,Onverwacht Province,Major Capital"
1944|"FS"|"FS,Capellan March,Kathil Operational Area,Region 1"
1953|"DC"|"DC,Benjamin Military District,Kajikazawa Prefecture"
1958|"FS"|"FS,Draconis March,Woodbine Operational Area,Region 2"
1964|"CC"|"CC,Capella Commonality,Region 8"
1968|"CC"|"CC,Capella Commonality,Region 5"
1970|"FS"|"FS,Draconis March,Woodbine Operational Area,Region 1"
1976|"LC"|"LC,Tamar Pact,Tamar Domains"
1979|"FS"|"FS,Crucis March,Chirikof Operational Area,Region 2"
1982|"FWL"|"FWL,Duchy of Graham-Marik"
1983|"LC"|"LC,Protectorate of Donegal,Coventry Province"
1986|"TC"|"TC,Hyades Union"
1987|"DC"|"DC,Benjamin Military District,Irurzun Prefecture"
1988|"FWL"|"FWL"
1989|"FS"|"FS,Crucis March,Markesan Operational Area,Region 2"
1991|"FS"|"FS,Draconis March,Woodbine Operational Area,Region 1"
1995|"FS"|"FS,Draconis March,Woodbine Operational Area"
1997|"FS"|"FS,Crucis March,Markesan Operational Area,Region 3"
2000|"CC"|"CC,Sian Commonality,Region 14"
2001|"FWL"|"FWL,Principality of Regulus"
2003|"DC"|"DC,Benjamin Military District,Kajikazawa Prefecture"
2004|"FWL"|"FWL"
2006|"CC"|"CC,Sian Commonality,Region 1"
2007|"LC"|"LC,Protectorate of Donegal,Alarion Province"
2010|"FS"|"FS,Crucis March,Minette Operational Area,Point Barrow Combat Region"
2012|"DC"|"DC,Galedon Military District,Kaznejoy Prefecture"
2013|"CC"|"CC,Capella Commonality,Region 5"
2020|"LC"|"LC,Federation of Skye,Kannon Shire"
2021|"LC"|"LC,Federation of Skye,Isle of Skye"
2022|"LC"|"LC,Protectorate of Donegal,District of Donegal"
2025|"FS"|"FS,Crucis March,Chirikof Operational Area,Region 2"
2026|"A"|"A"
2027|"DC"|"DC,Dieron Military District,Lone Star Prefecture"
2029|"A"|"A"
2032|"FWL"|"FWL"
2033|"DC"|"DC,Rasalhague Military District,Trondheim Prefecture"
2034|"FWL"|"FWL,Duchy of Andurien"
2038|"FS"|"FS,Capellan March,Taygeta Operational Area,Region 1"
2042|"LC"|"LC,Protectorate of Donegal,Coventry Province"
2043|"LC"|"LC,Protectorate of Donegal,Alarion Province"
2048|"FWL"|"FWL"
2050|"DC"|"DC,Galedon Military District,New Samarkand Prefecture"
2054|"LC"|"LC,Protectorate of Donegal,Coventry Province"
2055|"TC"|"TC,Brinton Union"
2062|"LC"|"LC,Protectorate of Donegal,Alarion Province"
2064|"A"|"A"
2068|"CC"|"CC,Andurien Commonality,Region 3"
2075|"CC"|"CC,Capella Commonality,Region 1"
2076|"DC"|"DC,Benjamin Military District,Proserpina Prefecture,Minor Capital"
2077|"FS"|"FS,Draconis March,Woodbine Operational Area,Region 5"
2081|"DC"|"DC,Pesht Military District,Pusht-i-rud Prefecture,Minor Capital"
2083|"TC"|"TC,Brinton Union"
2085|"DC"|"DC,Pesht Military District,Pusht-i-rud Prefecture"
2086|"LC"|"LC,Protectorate of Donegal,Coventry Province"
2087|"LC"|"LC,Tamar Pact,Camlann Shire"
2088|"OA"|"OA,Cerberus Province"
2089|"LC"|"LC,Tamar Pact,Camlann Shire"
2095|"LC"|"LC,Protectorate of Donegal,Alarion Province"
2096|"CC"|"CC,Sian Commonality,Region 9"
2116|"OA"|"OA,Ramora Province,Major Capital"
2120|"LC"|"LC,Protectorate of Donegal,Alarion Province"
2122|"LC"|"LC,Tamar Pact,Camlann Shire"
2124|"LC"|"LC,Tamar Pact,Tamar Domains"
2126|"CC"|"CC,St. Ives Commonality,Region 3"
2133|"FS"|"FS,Crucis March,Chirikof Operational Area,Region 1"
2135|"FS"|"FS,Crucis March,Markesan Operational Area,Region 3"
2143|"FS"|"FS,Crucis March,Minette Operational Area,Anjin Muerto Combat Region"
2144|"CC"|"CC,Sian Commonality,Region 14"
2145|"FWL"|"FWL"
2149|"IP"|"IP"
2150|"CC"|"CC,Capella Commonality,Region 8"
2152|"LC"|"LC,Protectorate of Donegal,Coventry Province"
2156|"LC"|"LC,Protectorate of Donegal,Alarion Province"
2157|"CC"|"CC,Tikonov Commonality,Region 4"
2161|"FS"|"FS,Capellan March,Taygeta Operational Area,Region 1"
2165|"DC"|"DC,Pesht Military District,Coudoux Prefecture"
2166|"TC"|"TC,Brinton Union"
2170|"CC"|"CC,Sian Commonality,Region 12"
2174|"DC"|"DC,Dieron Military District,Addicks Prefecture"
2175|"FS"|"FS,Crucis March,Markesan Operational Area,Region 1"
2178|"FS"|"FS,Draconis March,Woodbine Operational Area"
2181|"FS"|"FS,Crucis March,Minette Operational Area,Tsamma Combat Region"
2183|"FS"|"FS,Draconis March,Robinson Operational Area,Region 2"
2185|"FS"|"FS,Capellan March,Kathil Operational Area,Region 3"
2191|"OA"|"OA,Cerberus Province"
2197|"DC"|"DC,Benjamin Military District,Kajikazawa Prefecture"
2198|"FS"|"FS,Crucis March,Minette Operational Area,Broken Wheel Combat Region"
2201|"FWL"|"FWL"
2203|"DC"|"DC,Benjamin Military District,Proserpina Prefecture"
2205|"CC"|"CC,St. Ives Commonality,Region 6"
2208|"CC"|"CC,Tikonov Commonality,Region 5"
2211|"LC"|"LC,Federation of Skye,Kannon Shire"
2213|"DC"|"DC,Galedon Military District,New Samarkand Prefecture"
2216|"DC"|"DC,Pesht Military District,Pusht-i-rud Prefecture"
2219|"FS"|"FS,Crucis March,Markesan Operational Area,Region 2"
2220|"FS"|"FS,Crucis March,Minette Operational Area,Point Barrow Combat Region"
2227|"FS"|"FS,Crucis March,Markesan Operational Area,Region 1"
2228|"A"|"A"
2233|"FWL"|"FWL"
2237|"LC"|"LC,Protectorate of Donegal,Coventry Province"
2245|"TC"|"TC,Perdition Union"
2246|"LC"|"LC,Tamar Pact,Tamar Domains"
2249|"FS"|"FS,Crucis March,Markesan Operational Area,Region 2"
2250|"FWL"|"FWL,Marik Commonwealth"
2254|"CC"|"CC,Andurien Commonality,Region 3"
2260|"FWL"|"FWL"
2261|"DC"|"DC,Galedon Military District,Kaznejoy Prefecture"
2262|"MOC"|"MOC,Ballad Province"
2264|"DC"|"DC,Pesht Military District,Coudoux Prefecture"
2269|"FWL"|"FWL"
2271|"CC"|"CC,Sian Commonality,Region 13"
2274|"FS"|"FS,Capellan March,Taygeta Operational Area,Region 2"
2279|"LC"|"LC,Protectorate of Donegal,Furillo Province"
2280|"DC"|"DC,Galedon Military District,Kaznejoy Prefecture"
2284|"DC"|"DC,Rasalhague Military District,Tinaca Prefecture"
2288|"LC"|"LC,Tamar Pact,Tamar Domains"
2291|"CC"|"CC,Sian Commonality,Region 13"
2293|"CC"|"CC,St. Ives Commonality,Region 1"
2294|"FWL"|"FWL,Principality of Regulus"
2297|"CC"|"CC,Sian Commonality,Region 9"
2298|"FS"|"FS,Capellan March,Taygeta Operational Area,Region 1"
2302|"FWL"|"FWL,Federation of Oriente"
2306|"CC"|"CC,Andurien Commonality,Region 3"
2307|"DC"|"DC,Benjamin Military District,Kajikazawa Prefecture"
2309|"DC"|"DC,Pesht Military District,Kagoshima Prefecture"
2310|"DC"|"DC,Dieron Military District,Ashio Prefecture"
2313|"DC"|"DC,Dieron Military District,Ashio Prefecture"
2317|"A"|"A"
2318|"OA"|"OA,Onverwacht Province"
2320|"LC"|"LC,Tamar Pact,Camlann Shire"
2321|"DC"|"DC,Dieron Military District,Kuzuu Prefecture"
2322|"CC"|"CC,St. Ives Commonality,Region 3"
2326|"I"|"I"
2328|"CC"|"CC,Sarna Commonality,Region 1"
2330|"LC"|"LC,Protectorate of Donegal,Alarion Province"
2332|"DC"|"DC,Galedon Military District,New Samarkand Prefecture"
2333|"CC"|"CC,Sian Commonality,Region 7"
2339|"FS"|"FS,Crucis March,Minette Operational Area,Point Barrow Combat Region"
2340|"DC"|"DC,Galedon Military District,New Samarkand Prefecture"
2343|"CC"|"CC,Sian Commonality,Region 11"
2345|"CC"|"CC,Sian Commonality,Region 11"
2346|"FWL"|"FWL"
2352|"A"|"A"
2356|"LC"|"LC,Federation of Skye,Isle of Skye,Major Capital"
2360|"CC"|"CC,Tikonov Commonality,Region 3"
2362|"FS"|"FS,Capellan March,Kathil Operational Area,Region 1"
2366|"A"|"A"
2373|"LC"|"LC,Tamar Pact,Trellshire"
2379|"FWL"|"FWL,Federation of Oriente"
2384|"I"|"I"
2387|"DC"|"DC,Rasalhague Military District,Radstadt Prefecture"
2391|"CC"|"CC,St. Ives Commonality,Region 2,Major Capital"
2392|"DC"|"DC,Rasalhague Military District,Radstadt Prefecture"
2393|"CC"|"CC,St. Ives Commonality,Region 4"
2394|"FS"|"FS,Crucis March,Minette Operational Area,Tsamma Combat Region"
2395|"CC"|"CC,Capella Commonality,Region 4"
2398|"DC"|"DC,Rasalhague Military District,Radstadt Prefecture"
2400|"LC"|"LC,Protectorate of Donegal,Alarion Province"
2403|"FS"|"FS,Crucis March,Markesan Operational Area,Region 3"
2404|"LC"|"LC,Tamar Pact,Trellshire"
2405|"FS"|"FS,Crucis March,Minette Operational Area,Anjin Muerto Combat Region"
2406|"CC"|"CC,St. Ives Commonality,Region 3"
2411|"TC"|"TC,Perdition Union"
2413|"FWL"|"FWL,Stewart Confederation,Major Capital"
2414|"LC"|"LC,Protectorate of Donegal,Alarion Province"
2416|"LC"|"LC,Tamar Pact,Tamar Domains"
2420|"FS"|"FS,Draconis March,Woodbine Operational Area"
2422|"FS"|"FS,Crucis March,Markesan Operational Area,Region 2"
2423|"FS"|"FS,Crucis March,Minette Operational Area,Tsamma Combat Region"
2424|"FS"|"FS,Draconis March,Woodbine Operational Area,Region 1"
2429|"DC"|"DC,Galedon Military District,New Samarkand Prefecture"
2430|"LC"|"LC,Tamar Pact,Tamar Domains"
2431|"LC"|"LC,Tamar Pact,Camlann Shire"
2441|"DC"|"DC,Rasalhague Military District,Radstadt Prefecture"
2443|"DC"|"DC,Benjamin Military District,Kajikazawa Prefecture"
2445|"I"|"I"
2451|"LC"|"LC,Protectorate of Donegal,Coventry Province"
2454|"FS"|"FS,Crucis March,Minette Operational Area,Point Barrow Combat Region"
2456|"FS"|"FS,Crucis March,Minette Operational Area,Anjin Muerto Combat Region"
2458|"LC"|"LC,Federation of Skye,Isle of Skye"
2459|"A"|"A"
2461|"FWL"|"FWL"
2469|"FWL"|"FWL"
2477|"FS"|"FS,Draconis March,Woodbine Operational Area,Region 1"
2478|"DC"|"DC,Benjamin Military District,Irurzun Prefecture"
2480|"LC"|"LC,Protectorate of Donegal,Coventry Province"
2481|"DC"|"DC,Benjamin Military District,Xinyang Prefecture"
2483|"FWL"|"FWL,Stewart Confederation"
2484|"DC"|"DC,Benjamin Military District,Proserpina Prefecture"
2488|"FWL"|"FWL"
2489|"LC"|"LC,Protectorate of Donegal,Alarion Province"
2490|"I"|"I"
2492|"FS"|"FS,Draconis March,Robinson Operational Area,Region 3"
2497|"DC"|"DC,Benjamin Military District,Kajikazawa Prefecture"
2499|"A"|"A"
2501|"FS"|"FS,Crucis March,Markesan Operational Area,Region 1"
2503|"FS"|"FS,Capellan March,Taygeta Operational Area,Region 1"
2504|"FWL"|"FWL"
2507|"A"|"A"
2509|"OA"|"OA,Ramora Province"
2510|"FWL"|"FWL,Principality of Regulus"
2512|"FWL"|"FWL,Rim Commonality"
2515|"DC"|"DC,Pesht Military District,Kagoshima Prefecture"
2516|"FS"|"FS,Crucis March,Chirikof Operational Area,Region 2"
2517|"CC"|"CC,Tikonov Commonality,Region 2"
2519|"CC"|"CC,Sian Commonality,Region 10"
2521|"CC"|"CC,St. Ives Commonality,Region 5"
2522|"FS"|"FS,Crucis March,Minette Operational Area,Point Barrow Combat Region"
2525|"LC"|"LC,Tamar Pact,Tamar Domains"
2536|"MOC"|"MOC,Ballad Province"
2540|"FWL"|"FWL,Duchy of Andurien"
2548|"LC"|"LC,Protectorate of Donegal,Coventry Province"
2554|"LC"|"LC,Protectorate of Donegal,Alarion Province"
2556|"FS"|"FS,Crucis March,Markesan Operational Area,Region 1"
2561|"DC"|"DC,Benjamin Military District,Kajikazawa Prefecture"
2565|"I"|"I"
2571|"A"|"A"
2572|"DC"|"DC,Galedon Military District,New Samarkand Prefecture"
2582|"OA"|"OA,Cerberus Province"
2584|"OA"|"OA,Baliggora Province"
2586|"DC"|"DC,Benjamin Military District,Irurzun Prefecture"
2587|"DC"|"DC,Benjamin Military District,Baldur Prefecture"
2589|"IP"|"IP"
2591|"MOC"|"MOC,Luxen Province"
2598|"FWL"|"FWL,Principality of Regulus"
2601|"CC"|"CC,Sian Commonality,Region 8"
2609|"DC"|"DC,Dieron Military District,Addicks Prefecture"
2610|"LC"|"LC,Protectorate of Donegal,Alarion Province"
2612|"I"|"I"
2620|"CC"|"CC,Andurien Commonality,Region 1"
2621|"DC"|"DC,Pesht Military District,Kagoshima Prefecture"
2622|"OA"|"OA,Cerberus Province"
2628|"CC"|"CC,Sarna Commonality,Region 7"
2634|"LC"|"LC,Protectorate of Donegal,Coventry Province"
2635|"CC"|"CC,St. Ives Commonality,Region 4"
2637|"LC"|"LC,Protectorate of Donegal,Alarion Province"
2639|"LC"|"LC,Protectorate of Donegal,Furillo Province"
2640|"DC"|"DC,Benjamin Military District,Kajikazawa Prefecture"
2641|"FS"|"FS,Crucis March,Chirikof Operational Area,Region 3"
2652|"DC"|"DC,Benjamin Military District,Kajikazawa Prefecture"
2653|"FS"|"FS,Crucis March,Minette Operational Area,Broken Wheel Combat Region"
2654|"FWL"|"FWL"
2658|"I"|"I"
2659|"FWL"|"FWL,Duchy of Orloff"
2660|"LC"|"LC,Tamar Pact,Trellshire"
2661|"CC"|"CC,Sian Commonality,Region 9"
2665|"FS"|"FS,Crucis March,Markesan Operational Area,Region 3"
2668|"CC"|"CC,Sian Commonality,Region 6"
2671|"CC"|"CC,Sarna Commonality,Region 1"
2678|"A"|"A"
2680|"LC"|"LC,Protectorate of Donegal,Alarion Province"
2681|"FS"|"FS,Draconis March,Woodbine Operational Area,Region 3"
2682|"FS"|"FS,Crucis March,Minette Operational Area,Tsamma Combat Region"
2685|"FS"|"FS,Capellan March,Taygeta Operational Area,Region 2"
2687|"FWL"|"FWL"
2689|"I"|"I"
2694|"DC"|"DC,Pesht Military District,Bjarred Prefecture"
2696|"I"|"I"
2697|"LC"|"LC,Protectorate of Donegal,Alarion Province"
2699|"OA"|"OA,Onverwacht Province"
2700|"LC"|"LC,Tamar Pact,Tamar Domains"
2702|"DC"|"DC,Rasalhague Military District,Radstadt Prefecture"
2708|"DC"|"DC,Benjamin Military District,Proserpina Prefecture"
2711|"FS"|"FS,Crucis March,Minette Operational Area,Broken Wheel Combat Region"
2713|"DC"|"DC,Galedon Military District,Kaznejoy Prefecture"
2715|"CC"|"CC,Sian Commonality,Region 2"
2718|"DC"|"DC,Galedon Military District,Matsuida Prefecture"
2723|"LC"|"LC,Protectorate of Donegal,District of Donegal"
2726|"FWL"|"FWL,Duchy of Andurien"
2730|"I"|"I"
2738|"FS"|"FS,Capellan March,Taygeta Operational Area,Region 2"
2741|"CC"|"CC,Sian Commonality,Region 11"
2743|"FS"|"FS,Crucis March,Minette Operational Area,Point Barrow Combat Region"
2748|"LC"|"LC,Protectorate of Donegal,District of Donegal"
2749|"DC"|"DC,Galedon Military District,Matsuida Prefecture"
2751|"CC"|"CC,Sarna Commonality,Region 2"
2756|"FWL"|"FWL,Principality of Regulus"
2759|"LC"|"LC,Protectorate of Donegal,Alarion Province"
2761|"LC"|"LC,Protectorate of Donegal,Coventry Province"
2768|"A"|"A"
2770|"FWL"|"FWL"
2772|"FS"|"FS,Draconis March,Woodbine Operational Area,Region 3,Minor Capital"
2774|"TC"|"TC,Hyades Union"
2781|"LC"|"LC,Federation of Skye,Isle of Skye"
2797|"LC"|"LC,Federation of Skye,Virginia Shire"
2798|"LC"|"LC,Protectorate of Donegal,Coventry Province"
2802|"DC"|"DC,Dieron Military District,Lone Star Prefecture"
2804|"A"|"A"
2805|"DC"|"DC,Galedon Military District,Matsuida Prefecture"
2809|"A"|"A"
2812|"A"|"A"
2813|"FS"|"FS,Crucis March,Chirikof Operational Area,Region 1"
2814|"I"|"I"
2815|"LC"|"LC,Protectorate of Donegal,Coventry Province"
2823|"LC"|"LC,Federation of Skye,Isle of Skye"
2828|"FWL"|"FWL"
2832|"TC"|"TC,Perdition Union"
2833|"FWL"|"FWL,Marik Commonwealth"
2836|"CC"|"CC,Sian Commonality,Region 13"
2839|"I"|"I"
2840|"CC"|"CC,St. Ives Commonality,Region 4"
2842|"DC"|"DC,Galedon Military District,New Samarkand Prefecture"
2847|"LC"|"LC,Federation of Skye,Isle of Skye"
2848|"LC"|"LC,Protectorate of Donegal,Alarion Province"
2849|"OA"|"OA,Blommestein Province"
2856|"U"|"U"
2864|"U"|"U"
2865|"U"|"U"
2870|"LL"|"LL"
2876|"U"|"U"
2877|"U"|"U"
2885|"U"|"U"
2895|"U"|"U"
2898|"U"|"U"
2900|"U"|"U"
2901|"U"|"U"
2905|"U"|"U"
2909|"U"|"U"
2917|"U"|"U"
2919|"U"|"U"
2927|"U"|"U"
2929|"CBR"|"CBR,Faction Capital"
2936|"CNC"|"CNC"
2937|"C"|"C"
2940|"C"|"C"
2942|"C"|"C"
2946|"U"|"U"
2947|"U"|"U"
2949|"CJF"|"CJF,Faction Capital"
2950|"C"|"C"
2951|"CSJ"|"CSJ"
2952|"CSR"|"CSR"
2953|"C"|"C"
2955|"U"|"U"
2962|"U"|"U"
2964|"C"|"C"
2966|"U"|"U"
2968|"C"|"C"
2973|"NC"|"NC"
2974|"NC"|"NC,Faction Capital"
2975|"NC"|"NC"
2977|"NC"|"NC"
2978|"NC"|"NC"
2979|"NC"|"NC"
2981|"U"|"U"
2984|"U"|"U"
2987|"U"|"U"
2988|"U"|"U"
2989|"U"|"U"
2990|"U"|"U"
2991|"U"|"U"
2992|"U"|"U"
2994|"U"|"U"
2998|"U"|"U"
3004|"U"|"U"
3005|"U"|"U"
3007|"U"|"U"
3009|"U"|"U"
3015|"U"|"U"
3018|"U"|"U"
3020|"U"|"U"
3039|"U"|"U"
3041|"U"|"U"
3045|"U"|"U"
3047|"U"|"U"
3048|"U"|"U"
3049|"U"|"U"
3055|"U"|"U"
3062|"U"|"U"
3064|"I"|"I"
3065|"AP"|"AP"
3068|"AP"|"AP"
3071|"AP"|"AP"
3078|"U"|"U"
3083|"A"|"A"
3086|"A"|"A"
3088|"A"|"A"
3089|"U"|"U"
3091|"U"|"U"
3094|"U"|"U"
3096|"NDC"|"NDC"
3098|"NDC"|"NDC"
3099|"NDC"|"NDC"
3100|"NDC"|"NDC"
3103|"NDC"|"NDC,Faction Capital"
3106|"U"|"U"
3107|"U"|"U"
3112|"U"|"U"
3115|"U"|"U"
3116|"U"|"U"
3118|"U"|"U"
3121|"A"|"A"
3123|"U"|"U"
3126|"U"|"U"
3127|"U"|"U"
3130|"U"|"U"
3131|"U"|"U"
3133|"U"|"U"
3135|"JF"|"JF"
3136|"JF"|"JF"
3138|"U"|"U"
3143|"A"|"A"
3151|"I"|"I"
3152|"I"|"I"
3158|"I"|"I"
3163|"U"|"U"
3164|"U"|"U"
3169|"U"|"U"
3170|"U"|"U"
3173|"U"|"U"
3174|"U"|"U"
